URL,Tipo,Priorit√†,Frequenza Aggiornamento
https://4bid.it/,Homepage,1.0,daily
https://4bid.it/consulenza-revenue-management-hotel,Landing Page,0.9,weekly
https://4bid.it/software-revenue-management-santaddeo,Landing Page,0.9,weekly
https://4bid.it/ottimizzazione-prezzi-hotel-toscana,Landing Page,0.8,weekly
https://4bid.it/revenue-management-bed-breakfast,Landing Page,0.8,weekly
https://4bid.it/revenue-management-agriturismo,Landing Page,0.8,weekly
https://4bid.it/dynamic-pricing-hotel,Landing Page,0.8,weekly
https://4bid.it/gestione-canali-distribuzione-hotel,Landing Page,0.8,weekly
https://4bid.it/yield-management-hotel,Landing Page,0.8,weekly
https://4bid.it/analisi-competitiva-hotel-firenze,Landing Page,0.8,weekly
https://4bid.it/strategie-prenotazioni-dirette-hotel,Landing Page,0.8,weekly
https://4bid.it/strategie-vendita-diretta-hotel,Landing Page,0.8,weekly
https://4bid.it/formazione-revenue-management-hotel,Landing Page,0.8,weekly
https://4bid.it/revenue-management-resort-lusso,Landing Page,0.8,weekly
https://4bid.it/kpi-metriche-hotel,Landing Page,0.8,weekly
https://4bid.it/forecast-budgeting-hotel,Landing Page,0.8,weekly
https://4bid.it/ottimizzazione-adr-hotel,Landing Page,0.8,weekly
https://4bid.it/software-revenue-management-hotel,Landing Page,0.8,weekly
https://4bid.it/revenue-management-boutique-hotel,Landing Page,0.8,weekly
https://4bid.it/ottimizzazione-ota-hotel,Landing Page,0.8,weekly
https://4bid.it/revenue-management-catene-hotel,Landing Page,0.8,weekly
https://4bid.it/adr-hotel-come-aumentarlo,Landing Page,0.8,weekly
https://4bid.it/preventivi-progetti-personalizzati-hotel,Landing Page,0.8,weekly
https://4bid.it/prenotazioni-dirette-hotel,Landing Page,0.8,weekly
https://4bid.it/consulenza-personalizzata-hotel,Landing Page,0.8,weekly
https://4bid.it/kpi-hotel-revenue-management,Landing Page,0.8,weekly
https://4bid.it/strategie-pricing-hotel,Landing Page,0.8,weekly
https://4bid.it/revenue-manager-hotel-toscana,Landing Page,0.8,weekly
https://4bid.it/webmarketing-hotel-prenotazioni,Landing Page,0.8,weekly
https://4bid.it/come-aumentare-ricavi-hotel,Landing Page,0.8,weekly
https://4bid.it/ottimizzazione-revpar-hotel,Landing Page,0.8,weekly
https://4bid.it/progetti/santaddeo,Progetto,0.7,monthly
https://4bid.it/progetti/manubot,Progetto,0.7,monthly
https://4bid.it/progetti/risparmio-compulsivo,Progetto,0.7,monthly
https://4bid.it/progetti/autoexel,Progetto,0.7,monthly
https://4bid.it/admin/login,Admin,0.3,yearly
